mean_fit_time,std_fit_time,mean_score_time,std_score_time,param_max_depth,params,split0_test_score,split1_test_score,split2_test_score,mean_test_score,std_test_score,rank_test_score
0.001374642054239909,0.0003302479934865991,0.0006213188171386719,5.270434898245892e-06,1,{'max_depth': 1},-0.3270758122743682,-0.34512635379061374,-0.3229768786127168,-0.3317263482258996,0.009621864896904777,1
0.0016880035400390625,0.0004755511027736472,0.0005809466044108073,5.962127877297836e-05,2,{'max_depth': 2},-0.3270758122743682,-0.34512635379061374,-0.3229768786127168,-0.3317263482258996,0.009621864896904777,1
0.0016316572825113933,0.0003951759639547173,0.0008399486541748047,0.0003038559127738522,3,{'max_depth': 3},-0.32779783393501805,-0.34729241877256317,-0.3229768786127168,-0.33268904377343267,0.010512035121035589,3
0.0016244252522786458,0.00015298676180407046,0.0005783240000406901,5.582910415239758e-05,4,{'max_depth': 4},-0.3249097472924188,-0.34729241877256317,-0.3265895953757225,-0.3329305871469015,0.01017847821397799,4
