mean_fit_time,std_fit_time,mean_score_time,std_score_time,param_max_depth,params,split0_test_score,split1_test_score,split2_test_score,mean_test_score,std_test_score,rank_test_score
0.0011699994405110676,0.00042836949188034896,0.0006160736083984375,6.099074705120319e-05,1,{'max_depth': 1},-0.2909747292418773,-0.2815884476534296,-0.3013005780346821,-0.29128791830999634,0.008050490112871643,3
0.0013510386149088542,0.0004050613703091462,0.0007422765096028646,0.00018460849095262502,2,{'max_depth': 2},-0.2909747292418773,-0.2815884476534296,-0.3013005780346821,-0.29128791830999634,0.008050490112871643,3
0.0010004043579101562,9.568063644219465e-05,0.0007688999176025391,0.0002151561789665298,3,{'max_depth': 3},-0.2909747292418773,-0.2815884476534296,-0.26083815028901736,-0.27780044239477475,0.012591401447686104,1
0.0009433428446451823,3.0374647579755486e-05,0.0005888144175211588,8.859516629377431e-05,4,{'max_depth': 4},-0.2909747292418773,-0.2815884476534296,-0.26083815028901736,-0.27780044239477475,0.012591401447686104,1
