mean_fit_time,std_fit_time,mean_score_time,std_score_time,param_max_depth,params,split0_test_score,split1_test_score,split2_test_score,mean_test_score,std_test_score,rank_test_score
0.001153389612833659,0.0005508620667919631,0.0005599657694498698,0.00012913300399041864,1,{'max_depth': 1},-0.31263537906137184,-0.31841155234657037,-0.31141618497109824,-0.31415437212634684,0.0030511523646033043,3
0.0011866092681884766,0.0003871629967355467,0.0008644262949625651,0.00020730869811303883,2,{'max_depth': 2},-0.31263537906137184,-0.31841155234657037,-0.31141618497109824,-0.31415437212634684,0.0030511523646033043,3
0.0012009938557942708,0.0001343690298475769,0.0008135636647542318,0.00015598058627473818,3,{'max_depth': 3},-0.3227436823104693,-0.31841155234657037,-0.27890173410404623,-0.3066856562536953,0.01972564464547522,1
0.0008633136749267578,7.03171802748169e-05,0.0005289713541666666,3.5182878236207644e-05,4,{'max_depth': 4},-0.3227436823104693,-0.31985559566787003,-0.27890173410404623,-0.3071670040274619,0.020021311545391624,2
